chr,strand,ltr_up_start,ltr_up_end,ltr_down_start,ltr_down_end,int_start,int_end,ltr_5_start,ltr_5_end,ltr_3_start,ltr_3_end
chr1_KV880763v1_alt,+,485121,485228,490147,490511,485228,490147,485121,485228,490147,490511
chr1,+,5044795,5045235,5052649,5053098,5045237,5052649,5044795,5045235,5052649,5053098
chr1,+,32432336,32432749,32437637,32438038,32432751,32437637,32432336,32432749,32437637,32438038
chr1,+,38425113,38425524,38430368,38430779,38425526,38430368,38425113,38425524,38430368,38430779
chr1,+,43085533,43085921,43090773,43091157,43085923,43090773,43085533,43085921,43090773,43091157
chr1,-,48209001,48209412,48214411,48214821,48209412,48214409,48214411,48214821,48209001,48209412
chr1,+,53432879,53432985,53434808,53435177,53432997,53434803,53432879,53432985,53434808,53435177
chr1,-,54897903,54898299,54903185,54903584,54898299,54903183,54903185,54903584,54897903,54898299
chr1,+,55022707,55023157,55027886,55028369,55023170,55027886,55022707,55023157,55027886,55028369
chr1,-,64349942,64350394,64355317,64355761,64350394,64355315,64355317,64355761,64349942,64350394
chr1,-,65643206,65643638,65647602,65648034,65643638,65647600,65647602,65648034,65643206,65643638
chr1,+,68386003,68386437,68391562,68391992,68386439,68391562,68386003,68386437,68391562,68391992
chr1,+,70367628,70368061,70373591,70374024,70368061,70373591,70367628,70368061,70373591,70374024
chr1,+,70588436,70588793,70593588,70593991,70588795,70593588,70588436,70588793,70593588,70593991
chr1,-,72980445,72980896,72985040,72985490,72980896,72985038,72985040,72985490,72980445,72980896
chr1,-,72987800,72988249,72993155,72993602,72988249,72993153,72993155,72993602,72987800,72988249
chr1,-,76894812,76895220,76899976,76900387,76895220,76899974,76899976,76900387,76894812,76895220
chr1,-,79488607,79489017,79493708,79494123,79489017,79493706,79493708,79494123,79488607,79489017
chr1,-,79638761,79639165,79644082,79644487,79639165,79644080,79644082,79644487,79638761,79639165
chr1,+,81245282,81245733,81250756,81251207,81245735,81250754,81245282,81245733,81250756,81251207
chr1,-,82067562,82067954,82072729,82072836,82067954,82072729,82072729,82072836,82067562,82067954
chr1,-,82354568,82354965,82360160,82360556,82354965,82360158,82360160,82360556,82354568,82354965
chr1,+,82955310,82955724,82961184,82961594,82955729,82961184,82955310,82955724,82961184,82961594
chr1,+,93830336,93830747,93836680,93837088,93830747,93836680,93830336,93830747,93836680,93837088
chr1,-,94566477,94566864,94572383,94572826,94566864,94572381,94572383,94572826,94566477,94566864
chr1,-,98801054,98801498,98806414,98806858,98801498,98806412,98806414,98806858,98801054,98801498
chr1,+,99509510,99509963,99514922,99515367,99509965,99514922,99509510,99509963,99514922,99515367
chr1,-,101597229,101597627,101603094,101603442,101597627,101603091,101603094,101603442,101597229,101597627
chr1,+,108473289,108473396,108478232,108478596,108473396,108478232,108473289,108473396,108478232,108478596
chr1,+,112809666,112810079,112814992,112815325,112810082,112814992,112809666,112810079,112814992,112815325
chr1,-,112820144,112820531,112825660,112826054,112820531,112825658,112825660,112826054,112820144,112820531
chr1,-,115509140,115509547,115515028,115515447,115509547,115515028,115515028,115515447,115509140,115509547
chr1,+,163591308,163591705,163596131,163596529,163591707,163596131,163591308,163591705,163596131,163596529
chr1,+,169683069,169683479,169688314,169688724,169683479,169688314,169683069,169683479,169688314,169688724
chr1,-,185948278,185948729,185953763,185954216,185948729,185953761,185953763,185954216,185948278,185948729
chr1,-,187765508,187765959,187770763,187770901,187765959,187770763,187770763,187770901,187765508,187765959
chr1,-,192978516,192978690,192980175,192980540,192978690,192980175,192980175,192980540,192978516,192978690
chr1,+,198034650,198035056,198040582,198040990,198035058,198040582,198034650,198035056,198040582,198040990
chr1,+,209448804,209449256,209453551,209454002,209449258,209453551,209448804,209449256,209453551,209454002
chr1,-,210111089,210111452,210115847,210116207,210111460,210115845,210115847,210116207,210111089,210111452
chr1,+,212910007,212910445,212914199,212914681,212910474,212914199,212910007,212910445,212914199,212914681
chr1,-,215410116,215410563,215415234,215415683,215410563,215415232,215415234,215415683,215410116,215410563
chr1,+,216008142,216008553,216013458,216013869,216008555,216013458,216008142,216008553,216013458,216013869
chr1,+,216145600,216146051,216152206,216152688,216146053,216152206,216145600,216146051,216152206,216152688
chr1,-,221973077,221973528,221978508,221978957,221973528,221978506,221978508,221978957,221973077,221973528
chr1,-,223024395,223024847,223029701,223030156,223024847,223029699,223029701,223030156,223024395,223024847
chr1,-,224839935,224840327,224845683,224846082,224840327,224845681,224845683,224846082,224839935,224840327
chr1,+,229174728,229174780,229179726,229180176,229174780,229179726,229174728,229174780,229179726,229180176
chr1,+,229412417,229412815,229418220,229418665,229412819,229418220,229412417,229412815,229418220,229418665
chr1,+,230601215,230601646,230608660,230609094,230601648,230608660,230601215,230601646,230608660,230609094
chr1,-,231829671,231830084,231835236,231835648,231830084,231835234,231835236,231835648,231829671,231830084
chr1,+,232118114,232118565,232123494,232123945,232118567,232123494,232118114,232118565,232123494,232123945
chr1,-,232229628,232230060,232234549,232234999,232230060,232234547,232234549,232234999,232229628,232230060
chr1,-,233683448,233683880,233688772,233689204,233683880,233688644,233688772,233689204,233683448,233683880
chr1,+,239101235,239101619,239106662,239107062,239101621,239106662,239101235,239101619,239106662,239107062
chr1,+,241433888,241434289,241439481,241439882,241434291,241439481,241433888,241434289,241439481,241439882
chr1,-,248335765,248336117,248340698,248341106,248336117,248340695,248340698,248341106,248335765,248336117
chr2,-,3815548,3815931,3820949,3821340,3815931,3820949,3820949,3821340,3815548,3815931
chr2,+,5000768,5001216,5006280,5006730,5001218,5006280,5000768,5001216,5006280,5006730
chr2,-,7872705,7873156,7878440,7878891,7873156,7878438,7878440,7878891,7872705,7873156
chr2,+,12626334,12626785,12631799,12632257,12626787,12631799,12626334,12626785,12631799,12632257
chr2,-,16791944,16792375,16797271,16797703,16792375,16797243,16797271,16797703,16791944,16792375
chr2,+,20082561,20082996,20087691,20088123,20083018,20087691,20082561,20082996,20087691,20088123
chr2,+,34694557,34694892,34702573,34702833,34694922,34702572,34694557,34694892,34702573,34702833
chr2,+,34789818,34790227,34795644,34796056,34790229,34795638,34789818,34790227,34795644,34796056
chr2,-,34800998,34801407,34806312,34806725,34801407,34806310,34806312,34806725,34800998,34801407
chr2,-,35436927,35437324,35442185,35442587,35437324,35442183,35442185,35442587,35436927,35437324
chr2,-,38080801,38081201,38086114,38086512,38081201,38086112,38086114,38086512,38080801,38081201
chr2,+,57227241,57227641,57234846,57235205,57227644,57234846,57227241,57227641,57234846,57235205
chr2,+,58314168,58314565,58318996,58319388,58314567,58318996,58314168,58314565,58318996,58319388
chr2,+,64252413,64252895,64257196,64257646,64252897,64257196,64252413,64252895,64257196,64257646
chr2,+,66243888,66244336,66249096,66249502,66244338,66249096,66243888,66244336,66249096,66249502
chr2,+,67331516,67331914,67337202,67337601,67331916,67337136,67331516,67331914,67337202,67337601
chr2,-,69443010,69443407,69448943,69449341,69443407,69448941,69448943,69449341,69443010,69443407
chr2,+,70620549,70620897,70626008,70626409,70620899,70626008,70620549,70620897,70626008,70626409
chr2,-,71086359,71086808,71090546,71090997,71086808,71090544,71090546,71090997,71086359,71086808
chr2,-,75213730,75214178,75219086,75219537,75214178,75219066,75219086,75219537,75213730,75214178
chr2,-,76573624,76574075,76579253,76579704,76574075,76579251,76579253,76579704,76573624,76574075
chr2,+,77088246,77088674,77093666,77094030,77088676,77093666,77088246,77088674,77093666,77094030
chr2,+,78758202,78758579,78763897,78764267,78758579,78763897,78758202,78758579,78763897,78764267
chr2,+,79051399,79051798,79056673,79057072,79051800,79056673,79051399,79051798,79056673,79057072
chr2,-,79211345,79211757,79217308,79217707,79211757,79217306,79217308,79217707,79211345,79211757
chr2,-,80875798,80876230,80879795,80880161,80876230,80879793,80879795,80880161,80875798,80876230
chr2,-,83788946,83789357,83794072,83794480,83789357,83794070,83794072,83794480,83788946,83789357
chr2,-,116183752,116184164,116189299,116189710,116184164,116189297,116189299,116189710,116183752,116184164
chr2,+,117130628,117130996,117134712,117135078,117130996,117134712,117130628,117130996,117134712,117135078
chr2,+,117278752,117279203,117284028,117284509,117279205,117284028,117278752,117279203,117284028,117284509
chr2,+,140426393,140426801,140431991,140432402,140426803,140431991,140426393,140426801,140431991,140432402
chr2,-,142489678,142490075,142494952,142495325,142490075,142494942,142494952,142495325,142489678,142490075
chr2,+,150112716,150113169,150118109,150118564,150113171,150118109,150112716,150113169,150118109,150118564
chr2,+,150953416,150953740,150959737,150960103,150953740,150959737,150953416,150953740,150959737,150960103
chr2,+,154867228,154867724,154874111,154874560,154867726,154874111,154867228,154867724,154874111,154874560
chr2,-,156720083,156720495,156725432,156725844,156720495,156725430,156725432,156725844,156720083,156720495
chr2,-,165707551,165708032,165715717,165716198,165708032,165715715,165715717,165716198,165707551,165708032
chr2,-,170977457,170977858,170982985,170983386,170977858,170982983,170982985,170983386,170977457,170977858
chr2,-,179051586,179051988,179056937,179057323,179051991,179056929,179056937,179057323,179051586,179051988
chr2,+,183044185,183044479,183049276,183049650,183044481,183049276,183044185,183044479,183049276,183049650
chr2,-,187557940,187558387,187565697,187566148,187558388,187565695,187565697,187566148,187557940,187558387
chr2,-,187670482,187670930,187675818,187676269,187670930,187675816,187675818,187676269,187670482,187670930
chr2,+,188033497,188033914,188038729,188039136,188033932,188038729,188033497,188033914,188038729,188039136
chr2,-,188168687,188169099,188174285,188174691,188169099,188174283,188174285,188174691,188168687,188169099
chr2,+,192506078,192506490,192512769,192513182,192506492,192512769,192506078,192506490,192512769,192513182
chr2,+,192918302,192918721,192924415,192924835,192918723,192924415,192918302,192918721,192924415,192924835
chr2,-,194130701,194131113,194136144,194136554,194131113,194136142,194136144,194136554,194130701,194131113
chr2,+,197578409,197578776,197587358,197587726,197578776,197587358,197578409,197578776,197587358,197587726
chr2,+,199179364,199179814,199185230,199185671,199179816,199185230,199179364,199179814,199185230,199185671
chr2,+,199247246,199247353,199252233,199252648,199247353,199252233,199247246,199247353,199252233,199252648
chr2,-,203961941,203962351,203967277,203967634,203962351,203967275,203967277,203967634,203961941,203962351
chr2,-,206806839,206807289,206812176,206812627,206807289,206812174,206812176,206812627,206806839,206807289
chr2,+,207017217,207017627,207022872,207023284,207017629,207022872,207017217,207017627,207022872,207023284
chr2,-,208215924,208216339,208221530,208221935,208216339,208221528,208221530,208221935,208215924,208216339
chr2,+,208893767,208894167,208905072,208905467,208900114,208904484,208893767,208894167,208905072,208905467
chr2,+,209078019,209078469,209083928,209084376,209078471,209083928,209078019,209078469,209083928,209084376
chr2,+,209299312,209299790,209304486,209304932,209299792,209304486,209299312,209299790,209304486,209304932
chr2,+,211261806,211262181,211267278,211267653,211262181,211267278,211261806,211262181,211267278,211267653
chr2,+,215089938,215090306,215095666,215096031,215090306,215095666,215089938,215090306,215095666,215096031
chr2,+,215922302,215922755,215927673,215928126,215922757,215927673,215922302,215922755,215927673,215928126
chr2,-,223188779,223189122,223195101,223195505,223189122,223195099,223195101,223195505,223188779,223189122
chr2,-,224087353,224087750,224093107,224093515,224087750,224093105,224093107,224093515,224087353,224087750
chr2,+,224225330,224225728,224230586,224230986,224225730,224230586,224225330,224225728,224230586,224230986
chr2,+,224296632,224297043,224301952,224302363,224297045,224301952,224296632,224297043,224301952,224302363
chr2,+,237606783,237607195,237612242,237612654,237607197,237612242,237606783,237607195,237612242,237612654
chr3_KV766192v1_fix,+,56675,57170,62108,62554,57172,62108,56675,57170,62108,62554
chr3_ML143343v1_alt,-,116552,116951,121981,122330,116953,121979,121981,122330,116552,116951
chr3_KI270780v1_alt,+,204055,204400,209401,209803,204402,209400,204055,204400,209401,209803
chr3_KI270778v1_alt,-,204683,205082,210098,210497,205082,210096,210098,210497,204683,205082
chr3_MU273346v1_fix,-,275997,276408,281290,281697,276408,281288,281290,281697,275997,276408
chr3,-,890693,891105,896001,896413,891105,895999,896001,896413,890693,891105
chr3,+,8177030,8177441,8182305,8182716,8177443,8182305,8177030,8177441,8182305,8182716
chr3,+,16744185,16744680,16749618,16750064,16747710,16749615,16744185,16744680,16749618,16750064
chr3,-,20967540,20967951,20972819,20973231,20967951,20972817,20972819,20973231,20967540,20967951
chr3,-,21189019,21189423,21193804,21194203,21189423,21193802,21193804,21194203,21189019,21189423
chr3,-,21377906,21378313,21382546,21382955,21378313,21382544,21382546,21382955,21377906,21378313
chr3,-,26157651,26158062,26165470,26165575,26158062,26165470,26165470,26165575,26157651,26158062
chr3,-,32460938,32461368,32466509,32466915,32461368,32466507,32466509,32466915,32460938,32461368
chr3,-,35874403,35874763,35879666,35880025,35874763,35879664,35879666,35880025,35874403,35874763
chr3,-,38070495,38070934,38076289,38076739,38070934,38076287,38076289,38076739,38070495,38070934
chr3,-,38076289,38076739,38083176,38083728,38076739,38083174,38083176,38083728,38076289,38076739
chr3,-,39577831,39578241,39583208,39583618,39578241,39583206,39583208,39583618,39577831,39578241
chr3,+,40560895,40561296,40566271,40566678,40561298,40566261,40560895,40561296,40566271,40566678
chr3,-,44344657,44345026,44350026,44350393,44345026,44350026,44350026,44350393,44344657,44345026
chr3,-,46246274,46246725,46251607,46252065,46246725,46251605,46251607,46252065,46246274,46246725
chr3,-,54634483,54634934,54639752,54640204,54634934,54639750,54639752,54640204,54634483,54634934
chr3,-,67037861,67038295,67043750,67044184,67038295,67043750,67043750,67044184,67037861,67038295
chr3,-,70434671,70435083,70440009,70440419,70435083,70440002,70440009,70440419,70434671,70435083
chr3,+,72023125,72023532,72028494,72028900,72023534,72028494,72023125,72023532,72028494,72028900
chr3,-,75469905,75470304,75475334,75475683,75470306,75475332,75475334,75475683,75469905,75470304
chr3,-,78581211,78581665,78588471,78588919,78581665,78588469,78588471,78588919,78581211,78581665
chr3,-,84187811,84188186,84193038,84193404,84188190,84193036,84193038,84193404,84187811,84188186
chr3,-,86537068,86537500,86543610,86543930,86537500,86543600,86543610,86543930,86537068,86537500
chr3,+,90082983,90083400,90086365,90086728,90083419,90086365,90082983,90083400,90086365,90086728
chr3,+,93938054,93938442,93943682,93944071,93938442,93943682,93938054,93938442,93943682,93944071
chr3,-,97272462,97272863,97277158,97277550,97272863,97277154,97277158,97277550,97272462,97272863
chr3,+,98191087,98191462,98196415,98196791,98191464,98196415,98191087,98191462,98196415,98196791
chr3,-,106922768,106923166,106927982,106928372,106923166,106927980,106927982,106928372,106922768,106923166
chr3,-,112418411,112418862,112422913,112423365,112418862,112422911,112422913,112423365,112418411,112418862
chr3,-,115793482,115793932,115798716,115799166,115793932,115798714,115798716,115799166,115793482,115793932
chr3,-,124752577,124753001,124757754,124758183,124753001,124757754,124757754,124758183,124752577,124753001
chr3,+,125863749,125864094,125869095,125869497,125864096,125869094,125863749,125864094,125869095,125869497
chr3,+,130059101,130059560,130064565,130064974,130059562,130064565,130059101,130059560,130064565,130064974
chr3,+,137595600,137596048,137600741,137601190,137596050,137600741,137595600,137596048,137600741,137601190
chr3,+,141204900,141205306,141211323,141211729,141205308,141211323,141204900,141205306,141211323,141211729
chr3,-,141692183,141692344,141696297,141696444,141692344,141696292,141696297,141696444,141692183,141692344
chr3,+,143797444,143797939,143805476,143805925,143797941,143805476,143797444,143797939,143805476,143805925
chr3,-,145551228,145551637,145556512,145556922,145551637,145556510,145556512,145556922,145551228,145551637
chr3,+,145710494,145710846,145715692,145716095,145710848,145715692,145710494,145710846,145715692,145716095
chr3,+,146353816,146354226,146359062,146359463,146354228,146359062,146353816,146354226,146359062,146359463
chr3,+,146362085,146362495,146367565,146367972,146362497,146367565,146362085,146362495,146367565,146367972
chr3,+,148414243,148414694,148419645,148420096,148414696,148419645,148414243,148414694,148419645,148420096
chr3,+,152597015,152597424,152602743,152603153,152597426,152602743,152597015,152597424,152602743,152603153
chr3,-,153226149,153226562,153232110,153232523,153226562,153232108,153232110,153232523,153226149,153226562
chr3,-,155274436,155274841,155280394,155280798,155274841,155280392,155280394,155280798,155274436,155274841
chr3,-,161721914,161722322,161727370,161727777,161722322,161727368,161727370,161727777,161721914,161722322
chr3,+,162712459,162712907,162717858,162718258,162712910,162717858,162712459,162712907,162717858,162718258
chr3,+,163907529,163907935,163913581,163913988,163907937,163913581,163907529,163907935,163913581,163913988
chr3,-,164342180,164342589,164347440,164347849,164342589,164347438,164347440,164347849,164342180,164342589
chr3,-,166500604,166501003,166506019,166506418,166501003,166506017,166506019,166506418,166500604,166501003
chr3,+,167422392,167422843,167430785,167431175,167422845,167430783,167422392,167422843,167430785,167431175
chr3,+,167431285,167431677,167436728,167437130,167431688,167436728,167431285,167431677,167436728,167437130
chr3,-,168930919,168931280,168932954,168933315,168931280,168932938,168932954,168933315,168930919,168931280
chr3,-,170672176,170672587,170677850,170678262,170672587,170677848,170677850,170678262,170672176,170672587
chr3,-,170681757,170682257,170688806,170689306,170682257,170688804,170688806,170689306,170681757,170682257
chr3,-,170817614,170818016,170823355,170823761,170818016,170823353,170823355,170823761,170817614,170818016
chr3,-,173155217,173155631,173161126,173161544,173155631,173161124,173161126,173161544,173155217,173155631
chr3,+,175827484,175827934,175835771,175836221,175827936,175835771,175827484,175827934,175835771,175836221
chr3,+,176061363,176061752,176066931,176066982,176061754,176066931,176061363,176061752,176066931,176066982
chr3,-,176321618,176322069,176326912,176327363,176322069,176326910,176326912,176327363,176321618,176322069
chr3,-,177665833,177666283,177670680,177671132,177666283,177670678,177670680,177671132,177665833,177666283
chr3,+,178207402,178207808,178214246,178214658,178207962,178214246,178207402,178207808,178214246,178214658
chr3,+,179517068,179517479,179522080,179522482,179517482,179522080,179517068,179517479,179522080,179522482
chr3,-,179515304,179515692,179525958,179526348,179515692,179525958,179525958,179526348,179515304,179515692
chr3,+,186657773,186658170,186663291,186663690,186658172,186663291,186657773,186658170,186663291,186663690
chr3,-,187175503,187175954,187180812,187181262,187175959,187180810,187180812,187181262,187175503,187175954
chr3,-,187466298,187466711,187471593,187472000,187466711,187471591,187471593,187472000,187466298,187466711
chr3,+,190144599,190145007,190149793,190150202,190145009,190149793,190144599,190145007,190149793,190150202
chr3,+,190920163,190920610,190925410,190925860,190920612,190925410,190920163,190920610,190925410,190925860
chr3,-,191666259,191666709,191671927,191672378,191666709,191671925,191671927,191672378,191666259,191666709
chr3,-,191895383,191895778,191900701,191901110,191895778,191900699,191900701,191901110,191895383,191895778
chr3,-,192071108,192071522,192076444,192076858,192071522,192076442,192076444,192076858,192071108,192071522
chr3,+,192995644,192996056,193000983,193001388,192996058,193000982,192995644,192996056,193000983,193001388
chr4_KQ983257v1_fix,+,18830,19222,24387,24791,19224,24387,18830,19222,24387,24791
chr4_KQ983258v1_alt,+,18830,19222,24387,24791,19224,24387,18830,19222,24387,24791
chr4_KI270925v1_alt,-,117681,118132,123098,123546,118132,123096,123098,123546,117681,118132
chr4_KI270896v1_alt,+,263430,263822,268987,269385,263824,268987,263430,263822,268987,269385
chr4,+,3927445,3927854,3932670,3933080,3927854,3932669,3927445,3927854,3932670,3933080
chr4,-,4000089,4000488,4005417,4005763,4000489,4005412,4005417,4005763,4000089,4000488
chr4,-,8482398,8482842,8488261,8488709,8482842,8488259,8488261,8488709,8482398,8482842
chr4,+,9638972,9639319,9644358,9644753,9639324,9644357,9638972,9639319,9644358,9644753
chr4,-,11653568,11653967,11658858,11659254,11653967,11658856,11658858,11659254,11653568,11653967
chr4,+,11806283,11806743,11811579,11811938,11806745,11811579,11806283,11806743,11811579,11811938
chr4,+,12363887,12364267,12369278,12369679,12364269,12369278,12363887,12364267,12369278,12369679
chr4,-,14169947,14170399,14175525,14175976,14170399,14175523,14175525,14175976,14169947,14170399
chr4,+,16997746,16998198,17003474,17003925,16998200,17003474,16997746,16998198,17003474,17003925
chr4,-,20629770,20630179,20635568,20635978,20630179,20635566,20635568,20635978,20629770,20630179
chr4,-,23722872,23723321,23727419,23727866,23723321,23727417,23727419,23727866,23722872,23723321
chr4,+,24500974,24501425,24506299,24506750,24501427,24506299,24500974,24501425,24506299,24506750
chr4,+,27974888,27975293,27980963,27981374,27975303,27980963,27974888,27975293,27980963,27981374
chr4,-,61764217,61764699,61769542,61770025,61764699,61769540,61769542,61770025,61764217,61764699
chr4,+,68030945,68031311,68037201,68037573,68031311,68037201,68030945,68031311,68037201,68037573
chr4,-,78713841,78714293,78719271,78719721,78714298,78719269,78719271,78719721,78713841,78714293
chr4,-,79553969,79554416,79559259,79559709,79554416,79559257,79559259,79559709,79553969,79554416
chr4,+,86474770,86475220,86480063,86480520,86475229,86480063,86474770,86475220,86480063,86480520
chr4,-,89964792,89965194,89970078,89970429,89965194,89970076,89970078,89970429,89964792,89965194
chr4,+,91623639,91624089,91629247,91629699,91624091,91629247,91623639,91624089,91629247,91629699
chr4,-,91654601,91655053,91660117,91660568,91655053,91660115,91660117,91660568,91654601,91655053
chr4,-,92271491,92271939,92277197,92277648,92271939,92277195,92277197,92277648,92271491,92271939
chr4,-,92438953,92439404,92444203,92444654,92439404,92444201,92444203,92444654,92438953,92439404
chr4,-,94084646,94085063,94089784,94089891,94085063,94089784,94089784,94089891,94084646,94085063
chr4,-,94382924,94383320,94388867,94389260,94383320,94388865,94388867,94389260,94382924,94383320
chr4,-,97136991,97137199,97139671,97140080,97137208,97139631,97139671,97140080,97136991,97137199
chr4,-,100991692,100992091,100997078,100997475,100992091,100997076,100997078,100997475,100991692,100992091
chr4,+,103941267,103941716,103946597,103947029,103941725,103946592,103941267,103941716,103946597,103947029
chr4,-,107290578,107291010,107295473,107295851,107291010,107295473,107295473,107295851,107290578,107291010
chr4,-,115975699,115976106,115980876,115981223,115976106,115980874,115980876,115981223,115975699,115976106
chr4,+,117252106,117252508,117257386,117257788,117252510,117257386,117252106,117252508,117257386,117257788
chr4,+,119993663,119994116,119999220,119999666,119994118,119999220,119993663,119994116,119999220,119999666
chr4,-,125561619,125562070,125567007,125567456,125562070,125567005,125567007,125567456,125561619,125562070
chr4,-,127511037,127511386,127516753,127517102,127511386,127516751,127516753,127517102,127511037,127511386
chr4,-,128640893,128641303,128646199,128646609,128641303,128646197,128646199,128646609,128640893,128641303
chr4,+,130767408,130767810,130772869,130773268,130767812,130772869,130767408,130767810,130772869,130773268
chr4,+,131010088,131010345,131011921,131012321,131010345,131011921,131010088,131010345,131011921,131012321
chr4,+,131665992,131666383,131668451,131668842,131666390,131668451,131665992,131666383,131668451,131668842
chr4,+,132118177,132118590,132123480,132123891,132118592,132123480,132118177,132118590,132123480,132123891
chr4,-,133263578,133263960,133268508,133268907,133263960,133268426,133268508,133268907,133263578,133263960
chr4,+,134012211,134012620,134017973,134018380,134012622,134017973,134012211,134012620,134017973,134018380
chr4,-,134677936,134678346,134683145,134683552,134678346,134683143,134683145,134683552,134677936,134678346
chr4,-,135167434,135167866,135172688,135173118,135167866,135172686,135172688,135173118,135167434,135167866
chr4,+,138927835,138928235,138933141,138933543,138928237,138933141,138927835,138928235,138933141,138933543
chr4,+,145698822,145699272,145703055,145703503,145699274,145703055,145698822,145699272,145703055,145703503
chr4,+,145832611,145833009,145838054,145838502,145833011,145838039,145832611,145833009,145838054,145838502
chr4,-,154918328,154918731,154924154,154924563,154918731,154924152,154924154,154924563,154918328,154918731
chr4,-,155108277,155108728,155113786,155114237,155108728,155113784,155113786,155114237,155108277,155108728
chr4,+,156600195,156600646,156605583,156606034,156600648,156605583,156600195,156600646,156605583,156606034
chr4,+,162709181,162709583,162714396,162714747,162709585,162714396,162709181,162709583,162714396,162714747
chr4,-,163099936,163100371,163103790,163103875,163100371,163103790,163103790,163103875,163099936,163100371
chr4,+,166520699,166521091,166526029,166526430,166521100,166526029,166520699,166521091,166526029,166526430
chr4,+,166716124,166716575,166721603,166722054,166716577,166721603,166716124,166716575,166721603,166722054
chr4,-,167436065,167436456,167441076,167441183,167436456,167441076,167441076,167441183,167436065,167436456
chr4,+,167876311,167876709,167881625,167882021,167876711,167881623,167876311,167876709,167881625,167882021
chr4,+,167922850,167923315,167928213,167928626,167923317,167928213,167922850,167923315,167928213,167928626
chr4,+,170116429,170116838,170121749,170122158,170116840,170121749,170116429,170116838,170121749,170122158
chr4,+,170677695,170678044,170681934,170682334,170678046,170681934,170677695,170678044,170681934,170682334
chr4,-,172955659,172956063,172961899,172962312,172956063,172961897,172961899,172962312,172955659,172956063
chr4,-,175461166,175461615,175466682,175467186,175461615,175466680,175466682,175467186,175461166,175461615
chr4,-,176294236,176294640,176300000,176300348,176294640,176299998,176300000,176300348,176294236,176294640
chr4,+,178207119,178207531,178212931,178213342,178207533,178212931,178207119,178207531,178212931,178213342
chr4,-,179166475,179166926,179170119,179170568,179166926,179170117,179170119,179170568,179166475,179166926
chr4,+,179403517,179403883,179408926,179409294,179403884,179408926,179403517,179403883,179408926,179409294
chr4,+,179720524,179720933,179726485,179726896,179720935,179726485,179720524,179720933,179726485,179726896
chr4,-,186044022,186044424,186049274,186049672,186044424,186049272,186049274,186049672,186044022,186044424
chr4,-,186241955,186242322,186247216,186247584,186242322,186247216,186247216,186247584,186241955,186242322
chr4,-,189479538,189479989,189484955,189485403,189479989,189484953,189484955,189485403,189479538,189479989
chr4,+,189925900,189926292,189931457,189931855,189926294,189931457,189925900,189926292,189931457,189931855
chr5,+,5515522,5515972,5520712,5521164,5515974,5520682,5515522,5515972,5520712,5521164
chr5,-,7055004,7055438,7063332,7063741,7055438,7063332,7063332,7063741,7055004,7055438
chr5,+,7263579,7264028,7268883,7269331,7264030,7268883,7263579,7264028,7268883,7269331
chr5,+,16419968,16420378,16425015,16425426,16420380,16425015,16419968,16420378,16425015,16425426
chr5,+,18535210,18535471,18538965,18539420,18535483,18538965,18535210,18535471,18538965,18539420
chr5,+,18538965,18539420,18543567,18544018,18539420,18543567,18538965,18539420,18543567,18544018
chr5,-,18668842,18669292,18674152,18674598,18669292,18674150,18674152,18674598,18668842,18669292
chr5,+,43786494,43786860,43797817,43798213,43786860,43791592,43786494,43786860,43797817,43798213
chr5,-,44110487,44110860,44119741,44120093,44110860,44119741,44119741,44120093,44110487,44110860
chr5,+,76357255,76357705,76362625,76363071,76357707,76362625,76357255,76357705,76362625,76363071
chr5,+,81953303,81953661,81958824,81959235,81953663,81958824,81953303,81953661,81958824,81959235
chr5,-,100984291,100984723,100989792,100990224,100984723,100989790,100989792,100990224,100984291,100984723
chr5,+,101315239,101315641,101320187,101320597,101315643,101320181,101315239,101315641,101320187,101320597
chr5,+,104031709,104032118,104036904,104037313,104032120,104036904,104031709,104032118,104036904,104037313
chr5,-,104063634,104064084,104070030,104070481,104064084,104070028,104070030,104070481,104063634,104064084
chr5,+,106978587,106979038,106983635,106984086,106979040,106983635,106978587,106979038,106983635,106984086
chr5,+,110530935,110531331,110535117,110535513,110531333,110535117,110530935,110531331,110535117,110535513
chr5,-,117046414,117046852,117051814,117052246,117046852,117051812,117051814,117052246,117046414,117046852
chr5,-,120697545,120698035,120702960,120703411,120698035,120702958,120702960,120703411,120697545,120698035
chr5,-,122474225,122474640,122478731,122478846,122474640,122478731,122478731,122478846,122474225,122474640
chr5,-,122616892,122617341,122623927,122624374,122617341,122623920,122623927,122624374,122616892,122617341
chr5,+,124303757,124304213,124309062,124309476,124304231,124309062,124303757,124304213,124309062,124309476
chr5,+,124497034,124497443,124502332,124502739,124497445,124502332,124497034,124497443,124502332,124502739
chr5,-,124966685,124967089,124971827,124972226,124967101,124971824,124971827,124972226,124966685,124967089
chr5,-,126839336,126839778,126845254,126845705,126839778,126845252,126845254,126845705,126839336,126839778
chr5,-,128670321,128670570,128670929,128671337,128670570,128670901,128670929,128671337,128670321,128670570
chr5,-,135730998,135731384,135737089,135737486,135731384,135737087,135737089,135737486,135730998,135731384
chr5,-,136546330,136546760,136551571,136552022,136546760,136550739,136551571,136552022,136546330,136546760
chr5,-,136565339,136565790,136570796,136571245,136565790,136570794,136570796,136571245,136565339,136565790
chr5,+,136737042,136737432,136739242,136739624,136737434,136739242,136737042,136737432,136739242,136739624
chr5,-,144611351,144611759,144616490,144616900,144611759,144616488,144616490,144616900,144611351,144611759
chr5,+,147860285,147860692,147868587,147869038,147860696,147868587,147860285,147860692,147868587,147869038
chr5,-,147869835,147870286,147874077,147874526,147870286,147874075,147874077,147874526,147869835,147870286
chr5,-,153449686,153450137,153454979,153455430,153450137,153454964,153454979,153455430,153449686,153450137
chr5,+,161248408,161248819,161254606,161255013,161248821,161254606,161248408,161248819,161254606,161255013
chr5,-,162275427,162275839,162280750,162281160,162275839,162280748,162280750,162281160,162275427,162275839
chr5,+,163334359,163334733,163340222,163340585,163334733,163340222,163334359,163334733,163340222,163340585
chr5,-,166740057,166740448,166744250,166744650,166740448,166744248,166744250,166744650,166740057,166740448
chr5,-,167297630,167298042,167303270,167303678,167298042,167303268,167303270,167303678,167297630,167298042
chr5,-,170762080,170762491,170767455,170767864,170762491,170767453,170767455,170767864,170762080,170762491
chr6_GL000253v2_alt,-,511046,511485,517936,518378,511485,517936,517936,518378,511046,511485
chr6_GL000252v2_alt,-,511084,511523,517974,518416,511523,517974,517974,518416,511084,511523
chr6_GL000256v2_alt,-,554873,555312,561763,562205,555312,561763,561763,562205,554873,555312
chr6_GL000251v2_alt,-,732043,732482,738933,739375,732482,738933,738933,739375,732043,732482
chr6,+,3167035,3167304,3173445,3173856,3167304,3173445,3167035,3167304,3173445,3173856
chr6,-,6027809,6028236,6033186,6033600,6028236,6033184,6033186,6033600,6027809,6028236
chr6,+,12667169,12667579,12672655,12673014,12667581,12672655,12667169,12667579,12672655,12673014
chr6,-,14296941,14297390,14302375,14302823,14297390,14302375,14302375,14302823,14296941,14297390
chr6,-,16259011,16259427,16264481,16264893,16259427,16264479,16264481,16264893,16259011,16259427
chr6,+,16885984,16886384,16891245,16891647,16886386,16891245,16885984,16886384,16891245,16891647
chr6,-,18754143,18754534,18759479,18759870,18754534,18759477,18759479,18759870,18754143,18754534
chr6,-,21361491,21361942,21366816,21367257,21361942,21366814,21366816,21367257,21361491,21361942
chr6,-,29245476,29245915,29252366,29252808,29245915,29252366,29252366,29252808,29245476,29245915
chr6,-,39131512,39131947,39136073,39136520,39131947,39136071,39136073,39136520,39131512,39131947
chr6,-,40861397,40861829,40868335,40868767,40861829,40868245,40868335,40868767,40861397,40861829
chr6,+,51938240,51938687,51943982,51944426,51938690,51943982,51938240,51938687,51943982,51944426
chr6,+,61600185,61600634,61605823,61606272,61600636,61605823,61600185,61600634,61605823,61606272
chr6,+,62585931,62586380,62591328,62591724,62586382,62591328,62585931,62586380,62591328,62591724
chr6,+,62791670,62792025,62797041,62797450,62792027,62797041,62791670,62792025,62797041,62797450
chr6,+,63005487,63005877,63011039,63011448,63005885,63011039,63005487,63005877,63011039,63011448
chr6,+,63950226,63950593,63956158,63956522,63950593,63956158,63950226,63950593,63956158,63956522
chr6,-,67867627,67868062,67874008,67874456,67868062,67874008,67874008,67874456,67867627,67868062
chr6,-,71748396,71748805,71753659,71753765,71748805,71753658,71753659,71753765,71748396,71748805
chr6,-,80482837,80483230,80487707,80487823,80483230,80487706,80487707,80487823,80482837,80483230
chr6,-,80509795,80510204,80515392,80515803,80510204,80515390,80515392,80515803,80509795,80510204
chr6,-,80647675,80647945,80652982,80653384,80647945,80652980,80652982,80653384,80647675,80647945
chr6,-,86598257,86598650,86603493,86603901,86598650,86603491,86603493,86603901,86598257,86598650
chr6,-,90670204,90670651,90674991,90675442,90670651,90674986,90674991,90675442,90670204,90670651
chr6,-,93830155,93830561,93835298,93835749,93830561,93835296,93835298,93835749,93830155,93830561
chr6,-,94553918,94554368,94559160,94559610,94554368,94559158,94559160,94559610,94553918,94554368
chr6,+,97779487,97779947,97784871,97785325,97779949,97784871,97779487,97779947,97784871,97785325
chr6,+,102102424,102102534,102107758,102108211,102102534,102107758,102102424,102102534,102107758,102108211
chr6,-,109855774,109856184,109861167,109861579,109856184,109861165,109861167,109861579,109855774,109856184
chr6,-,114422438,114422889,114427846,114428297,114422889,114427844,114427846,114428297,114422438,114422889
chr6,+,115031792,115032243,115037169,115037619,115032245,115037169,115031792,115032243,115037169,115037619
chr6,-,120462633,120462714,120467682,120468133,120462714,120467680,120467682,120468133,120462633,120462714
chr6,+,120924824,120925234,120930467,120930857,120925236,120930467,120924824,120925234,120930467,120930857
chr6,-,121620421,121620869,121625852,121626300,121620869,121625850,121625852,121626300,121620421,121620869
chr6,+,123556843,123557255,123561937,123562344,123557264,123561937,123556843,123557255,123561937,123562344
chr6,-,123582335,123582734,123587606,123588007,123582734,123587604,123587606,123588007,123582335,123582734
chr6,-,125701847,125702298,125707313,125707763,125702298,125707311,125707313,125707763,125701847,125702298
chr6,+,130192310,130192710,130197819,130198222,130192712,130197819,130192310,130192710,130197819,130198222
chr6,+,131295356,131295806,131300746,131301196,131295808,131300746,131295356,131295806,131300746,131301196
chr6,+,131323295,131323746,131328687,131329137,131323748,131328687,131323295,131323746,131328687,131329137
chr6,+,131338799,131339250,131344113,131344564,131339252,131344113,131338799,131339250,131344113,131344564
chr6,+,131901549,131902003,131906968,131907417,131902005,131906968,131901549,131902003,131906968,131907417
chr6,-,137060299,137060696,137066715,137067121,137060696,137066707,137066715,137067121,137060299,137060696
chr6,-,140257495,140257902,140262669,140263080,140257902,140262667,140262669,140263080,140257495,140257902
chr6,+,141452824,141453224,141460290,141460680,141453226,141460290,141452824,141453224,141460290,141460680
chr6,+,142015665,142016117,142021331,142021782,142016119,142021331,142015665,142016117,142021331,142021782
chr6,-,145103185,145103589,145108458,145108857,145103589,145108456,145108458,145108857,145103185,145103589
chr6,+,148639771,148640179,148645098,148645508,148640181,148645079,148639771,148640179,148645098,148645508
chr6,-,157700641,157701092,157706085,157706582,157701092,157706083,157706085,157706582,157700641,157701092
chr6,+,160228650,160229043,160233925,160234322,160229051,160233925,160228650,160229043,160233925,160234322
chr6,-,160286610,160287011,160291912,160292314,160287011,160291910,160291912,160292314,160286610,160287011
chr6,-,164338768,164339178,164344370,164344779,164339178,164344368,164344370,164344779,164338768,164339178
chr6,-,164652141,164652551,164657653,164658014,164652551,164657651,164657653,164658014,164652141,164652551
chr7_KI270808v1_alt,-,94542,94953,100332,100742,94953,100330,100332,100742,94542,94953
chr7_KZ208912v1_fix,-,156642,157030,161870,161977,157030,161870,161870,161977,156642,157030
chr7_KZ208912v1_fix,+,331166,331273,336092,336480,331273,336092,331166,331273,336092,336480
chr7,+,6903790,6904200,6908583,6908992,6904202,6908582,6903790,6904200,6908583,6908992
chr7,-,9353404,9353855,9358756,9359207,9353855,9358754,9358756,9359207,9353404,9353855
chr7,-,9457701,9458149,9463768,9464218,9458149,9463766,9463768,9464218,9457701,9458149
chr7,+,17414062,17414497,17420333,17420763,17414505,17420333,17414062,17414497,17420333,17420763
chr7,+,20120708,20121160,20126099,20126555,20121168,20126099,20120708,20121160,20126099,20126555
chr7,+,20546708,20547109,20551287,20551693,20547111,20551287,20546708,20547109,20551287,20551693
chr7,+,22703357,22703765,22708903,22709313,22703767,22708903,22703357,22703765,22708903,22709313
chr7,+,22913464,22913829,22918552,22918928,22913829,22918552,22913464,22913829,22918552,22918928
chr7,+,24396244,24396697,24401545,24401985,24396699,24401545,24396244,24396697,24401545,24401985
chr7,+,30479568,30479952,30484920,30485283,30479952,30484918,30479568,30479952,30484920,30485283
chr7,-,31466859,31467260,31471976,31472379,31467260,31471974,31471976,31472379,31466859,31467260
chr7,+,32832560,32833012,32837872,32838271,32833019,32837872,32832560,32833012,32837872,32838271
chr7,-,42870575,42871056,42875923,42876404,42871056,42875921,42875923,42876404,42870575,42871056
chr7,-,52332922,52333029,52338671,52339041,52333029,52338671,52338671,52339041,52332922,52333029
chr7,-,68218038,68218073,68218291,68218703,68218086,68218291,68218291,68218703,68218038,68218073
chr7,+,75778911,75779306,75781535,75781936,75779309,75781535,75778911,75779306,75781535,75781936
chr7,+,75781535,75781936,75788163,75788562,75781936,75788163,75781535,75781936,75788163,75788562
chr7,+,77339936,77340369,77345450,77345880,77340369,77345449,77339936,77340369,77345450,77345880
chr7,+,83459667,83460118,83464936,83465383,83460120,83464936,83459667,83460118,83464936,83465383
chr7,-,92479192,92479587,92484840,92485274,92479587,92484840,92484840,92485274,92479192,92479587
chr7,+,93639934,93640344,93645145,93645552,93640346,93645145,93639934,93640344,93645145,93645552
chr7,+,100922281,100922669,100927606,100928020,100922671,100927604,100922281,100922669,100927606,100928020
chr7,-,109591833,109592260,109597188,109597679,109592260,109597186,109597188,109597679,109591833,109592260
chr7,-,109641707,109642141,109647163,109647640,109642141,109647163,109647163,109647640,109641707,109642141
chr7,+,116455968,116456075,116460742,116461136,116456081,116460742,116455968,116456075,116460742,116461136
chr7,+,120009178,120009629,120014391,120014835,120009631,120014391,120009178,120009629,120014391,120014835
chr7,-,120776622,120777024,120782485,120782885,120777024,120782483,120782485,120782885,120776622,120777024
chr7,-,120885699,120886068,120890983,120891391,120886068,120890981,120890983,120891391,120885699,120886068
chr7,-,121563648,121564047,121569269,121569668,121564047,121569267,121569269,121569668,121563648,121564047
chr7,+,122816728,122817176,122822550,122822998,122817178,122822550,122816728,122817176,122822550,122822998
chr7,+,124729156,124729555,124734325,124734734,124729557,124734324,124729156,124729555,124734325,124734734
chr7,+,125909964,125910413,125915290,125915739,125910415,125915290,125909964,125910413,125915290,125915739
chr7,+,125917556,125917965,125923700,125924110,125917967,125923700,125917556,125917965,125923700,125924110
chr7,+,139461464,139461863,139467289,139467404,139461863,139467289,139461464,139461863,139467289,139467404
chr7,-,141578075,141578475,141584042,141584442,141578475,141584040,141584042,141584442,141578075,141578475
chr7,-,143537278,143537666,143542506,143542613,143537666,143542506,143542506,143542613,143537278,143537666
chr7,+,143786847,143786954,143791799,143792193,143786954,143791799,143786847,143786954,143791799,143792193
chr7,-,148309415,148309826,148315205,148315615,148309826,148315203,148315205,148315615,148309415,148309826
chr8_KI270810v1_alt,-,57178,57629,62457,62908,57629,62455,62457,62908,57178,57629
chr8_KI270813v1_alt,+,85345,85796,90774,91227,85798,90774,85345,85796,90774,91227
chr8_KI270810v1_alt,+,363133,363543,368582,368995,363545,368582,363133,363543,368582,368995
chr8_KZ208915v1_fix,-,811200,811653,816634,817085,811653,816632,816634,817085,811200,811653
chr8_KZ208915v1_fix,-,2769709,2770101,2775557,2775958,2770101,2775555,2775557,2775958,2769709,2770101
chr8,-,3237991,3238403,3243320,3243711,3238406,3243316,3243320,3243711,3237991,3238403
chr8_KZ208915v1_fix,-,3539431,3539798,3545722,3546083,3539798,3545722,3545722,3546083,3539431,3539798
chr8_KZ208915v1_fix,+,4286463,4286865,4292664,4293064,4286867,4292664,4286463,4286865,4292664,4293064
chr8,-,5436465,5436869,5441898,5442246,5436869,5441896,5441898,5442246,5436465,5436869
chr8_KZ208915v1_fix,-,5500684,5501137,5506118,5506569,5501137,5506116,5506118,5506569,5500684,5501137
chr8,+,7402289,7402740,7407721,7408174,7402742,7407721,7402289,7402740,7407721,7408174
chr8,-,7903418,7903871,7908853,7909304,7903871,7908851,7908853,7909304,7903418,7903871
chr8,-,9058913,9059313,9064793,9065195,9059313,9064791,9064793,9065195,9058913,9059313
chr8,+,9802982,9803343,9808930,9809297,9803343,9808930,9802982,9803343,9808930,9809297
chr8,+,10571080,10571481,10576937,10577329,10571483,10576937,10571080,10571481,10576937,10577329
chr8,+,49419792,49420159,49425961,49426326,49420159,49425961,49419792,49420159,49425961,49426326
chr8,-,60305379,60305800,60311570,60312009,60305802,60311570,60311570,60312009,60305379,60305800
chr8,+,68972943,68973429,68978314,68978769,68973431,68978314,68972943,68973429,68978314,68978769
chr8,+,71664664,71665020,71670086,71670448,71665028,71670086,71664664,71665020,71670086,71670448
chr8,+,71674936,71675387,71680213,71680660,71675389,71680213,71674936,71675387,71680213,71680660
chr8,-,81898015,81898395,81903565,81903943,81898395,81903565,81903565,81903943,81898015,81898395
chr8,-,83504702,83505103,83510521,83510920,83505103,83510519,83510521,83510920,83504702,83505103
chr8,+,85062830,85063238,85068745,85069153,85063240,85068745,85062830,85063238,85068745,85069153
chr8,+,97200769,97201220,97206205,97206656,97201222,97206205,97200769,97201220,97206205,97206656
chr8,+,99943694,99944123,99949176,99949609,99944125,99949176,99943694,99944123,99949176,99949609
chr8,+,103002077,103002468,103004199,103004589,103002487,103004199,103002077,103002468,103004199,103004589
chr8,+,112195873,112196275,112201054,112201403,112196277,112201054,112195873,112196275,112201054,112201403
chr8,+,114241603,114242054,114246634,114247083,114242056,114246634,114241603,114242054,114246634,114247083
chr8,+,114281697,114282146,114287284,114287733,114282148,114287284,114281697,114282146,114287284,114287733
chr8,+,115212252,115212703,115217527,115217978,115212705,115217527,115212252,115212703,115217527,115217978
chr8,+,127431702,127432147,127437014,127437464,127432149,127437014,127431702,127432147,127437014,127437464
chr8,-,128611900,128612351,128617179,128617630,128612351,128617177,128617179,128617630,128611900,128612351
chr8,+,128914458,128914868,128919907,128920320,128914870,128919907,128914458,128914868,128919907,128920320
chr8,+,131310174,131310564,131315497,131315847,131310566,131315497,131310174,131310564,131315497,131315847
chr8,+,131740754,131741151,131746224,131746622,131741153,131746224,131740754,131741151,131746224,131746622
chr8,+,131820154,131820417,131824695,131825105,131820417,131824695,131820154,131820417,131824695,131825105
chr8,-,132080237,132080688,132085551,132086002,132080690,132085549,132085551,132086002,132080237,132080688
chr8,-,135767190,135767622,135772579,135773012,135767622,135772579,135772579,135773012,135767190,135767622
chr8,-,137824641,137825042,137830172,137830517,137825042,137830164,137830172,137830517,137824641,137825042
chr8,-,144953918,144954319,144959588,144959998,144954319,144959586,144959588,144959998,144953918,144954319
chr9,+,2275705,2276105,2281018,2281524,2276107,2281018,2275705,2276105,2281018,2281524
chr9,-,3810900,3811302,3816366,3816765,3811302,3816364,3816366,3816765,3810900,3811302
chr9,+,10884981,10885376,10890312,10890707,10885378,10890312,10884981,10885376,10890312,10890707
chr9,+,12948344,12948825,12953647,12954128,12948827,12953647,12948344,12948825,12953647,12954128
chr9,-,21487322,21487736,21491044,21491080,21487736,21491044,21491044,21491080,21487322,21487736
chr9,-,22658526,22658926,22663659,22664062,22658926,22663657,22663659,22664062,22658526,22658926
chr9,+,25288175,25288591,25293743,25294101,25288593,25293743,25288175,25288591,25293743,25294101
chr9,+,25668928,25669329,25674764,25675217,25669332,25674764,25668928,25669329,25674764,25675217
chr9,+,31326306,31326754,31334249,31334697,31326756,31334249,31326306,31326754,31334249,31334697
chr9,+,35003292,35003704,35008972,35009333,35003706,35008972,35003292,35003704,35008972,35009333
chr9,-,35151222,35151596,35156234,35156610,35151597,35156234,35156234,35156610,35151222,35151596
chr9,-,41631248,41631642,41633713,41634104,41631642,41633706,41633713,41634104,41631248,41631642
chr9,-,61841390,61841784,61843855,61844246,61841784,61843848,61843855,61844246,61841390,61841784
chr9,+,67736587,67736978,67739049,67739443,67736985,67739049,67736587,67736978,67739049,67739443
chr9,-,69404586,69404976,69409907,69410267,69404976,69409905,69409907,69410267,69404586,69404976
chr9,+,74085582,74086032,74090960,74091436,74086034,74090960,74085582,74086032,74090960,74091436
chr9,-,75351144,75351556,75357163,75357575,75351556,75357161,75357163,75357575,75351144,75351556
chr9,+,78180693,78181102,78186408,78186819,78181104,78186408,78180693,78181102,78186408,78186819
chr9,+,80137294,80137741,80142711,80143148,80137743,80142711,80137294,80137741,80142711,80143148
chr9,+,81009083,81009481,81014871,81015281,81009483,81014871,81009083,81009481,81014871,81015281
chr9,+,82883732,82884183,82889040,82889489,82884185,82889040,82883732,82884183,82889040,82889489
chr9,+,85458319,85458773,85466495,85466944,85458775,85466495,85458319,85458773,85466495,85466944
chr9,-,85879230,85879617,85884642,85884943,85879617,85884642,85884642,85884943,85879230,85879617
chr9,+,87410693,87411146,87416224,87416706,87411148,87416224,87410693,87411146,87416224,87416706
chr9,+,90412694,90413144,90417868,90418349,90413146,90417868,90412694,90413144,90417868,90418349
chr9,+,93347587,93348038,93352899,93353344,93348040,93352899,93347587,93348038,93352899,93353344
chr9,+,97214493,97214965,97219532,97220014,97214967,97219532,97214493,97214965,97219532,97220014
chr9,-,98265312,98265722,98271000,98271294,98265722,98270998,98271000,98271294,98265312,98265722
chr9,+,99669780,99670231,99675450,99675901,99670233,99675450,99669780,99670231,99675450,99675901
chr9,-,100140181,100140590,100146115,100146522,100140590,100146113,100146115,100146522,100140181,100140590
chr9,-,115174651,115175062,115179925,115180335,115175062,115179923,115179925,115180335,115174651,115175062
chr9,+,115473180,115473632,115478469,115478918,115474253,115478466,115473180,115473632,115478469,115478918
chr9,-,115839177,115839628,115844478,115844929,115839628,115844476,115844478,115844929,115839177,115839628
chr9,-,118485632,118486086,118490947,118491397,118486086,118490945,118490947,118491397,118485632,118486086
chr9,+,121790001,121790450,121796319,121796769,121790452,121796319,121790001,121790450,121796319,121796769
chr9,-,122530606,122531005,122535745,122536148,122531005,122535743,122535745,122536148,122530606,122531005
chr9,-,126074449,126074847,126080017,126080414,126074847,126080015,126080017,126080414,126074449,126074847
chr9,+,131547213,131547620,131551528,131551936,131547622,131551528,131547213,131547620,131551528,131551936
chr10,+,1349015,1349420,1354220,1354570,1349422,1354220,1349015,1349420,1354220,1354570
chr10,+,5470767,5471177,5476604,5477012,5471179,5476604,5470767,5471177,5476604,5477012
chr10,-,6629578,6630029,6635092,6635541,6630029,6635090,6635092,6635541,6629578,6630029
chr10,-,6797082,6797533,6802502,6802953,6797533,6802500,6802502,6802953,6797082,6797533
chr10,-,20119203,20119603,20124533,20124934,20119603,20124531,20124533,20124934,20119203,20119603
chr10,+,25716420,25716832,25722516,25722926,25716834,25722516,25716420,25716832,25722516,25722926
chr10,-,25768955,25769304,25774435,25774917,25769306,25774433,25774435,25774917,25768955,25769304
chr10,+,27465309,27465760,27470486,27470937,27465762,27470486,27465309,27465760,27470486,27470937
chr10,+,45571173,45571568,45575701,45576085,45571570,45575701,45571173,45571568,45575701,45576085
chr10,-,52033756,52034207,52039112,52039561,52034207,52039110,52039112,52039561,52033756,52034207
chr10,-,53492722,53493172,53504277,53504727,53500028,53504264,53504277,53504727,53492722,53493172
chr10,+,54166675,54167126,54172056,54172501,54167128,54172056,54166675,54167126,54172056,54172501
chr10,+,55971511,55971900,55975838,55976087,55971900,55975838,55971511,55971900,55975838,55976087
chr10,-,58860994,58861445,58866880,58867331,58861445,58866878,58866880,58867331,58860994,58861445
chr10,+,83057507,83057877,83062990,83063365,83057878,83062990,83057507,83057877,83062990,83063365
chr10,+,89284719,89285118,89290499,89290887,89285118,89290499,89284719,89285118,89290499,89290887
chr10,-,90081017,90081469,90086340,90086792,90081469,90086338,90086340,90086792,90081017,90081469
chr10,+,90807288,90807737,90812809,90813258,90807739,90812809,90807288,90807737,90812809,90813258
chr10,-,91301349,91301702,91306921,91307329,91301702,91306919,91306921,91307329,91301349,91301702
chr10,+,105727636,105728004,105733418,105733785,105728004,105733418,105727636,105728004,105733418,105733785
chr10,-,106016739,106017189,106022647,106023098,106017195,106022643,106022647,106023098,106016739,106017189
chr10,+,109562757,109562864,109567835,109568252,109562865,109567835,109562757,109562864,109567835,109568252
chr10,+,116480674,116481083,116486109,116486518,116481085,116486109,116480674,116481083,116486109,116486518
chr11_ML143357v1_fix,+,91056,91447,96865,97280,91450,96865,91056,91447,96865,97280
chr11_KN538368v1_alt,-,143144,143595,148461,148901,143595,148459,148461,148901,143144,143595
chr11_KI270829v1_alt,-,143651,144102,148968,149408,144102,148966,148968,149408,143651,144102
chr11,+,3647948,3648306,3653227,3653636,3648308,3653227,3647948,3648306,3653227,3653636
chr11,-,4219298,4219743,4224871,4225317,4219743,4224868,4224871,4225317,4219298,4219743
chr11,-,4315701,4316146,4321455,4321901,4316146,4321450,4321455,4321901,4315701,4316146
chr11,-,5160296,5160707,5165705,5166117,5160707,5165703,5165705,5166117,5160296,5160707
chr11,-,6069821,6070273,6075433,6075884,6070273,6075431,6075433,6075884,6069821,6070273
chr11,+,6366027,6366431,6371249,6371660,6366441,6371249,6366027,6366431,6371249,6371660
chr11,-,7912150,7912601,7917467,7917907,7912601,7917465,7917467,7917907,7912150,7912601
chr11,-,23183933,23184385,23189292,23189744,23184385,23189290,23189292,23189744,23183933,23184385
chr11,-,23887263,23887632,23892525,23892921,23887632,23892523,23892525,23892921,23887263,23887632
chr11,-,27629071,27629519,27634478,27634926,27629519,27634476,27634478,27634926,27629071,27629519
chr11,-,37578382,37578756,37583060,37583372,37578756,37583060,37583060,37583372,37578382,37578756
chr11,-,49320582,49320949,49326474,49326841,49320949,49326471,49326474,49326841,49320582,49320949
chr11,+,63452638,63453089,63453787,63454201,63453092,63453787,63452638,63453089,63453787,63454201
chr11,+,63453787,63454201,63459056,63459507,63454204,63459056,63453787,63454201,63459056,63459507
chr11,+,66573596,66574046,66576728,66576956,66574048,66576727,66573596,66574046,66576728,66576956
chr11,+,67759684,67760095,67764955,67765364,67760097,67764954,67759684,67760095,67764955,67765364
chr11,+,68622704,68623198,68632349,68632796,68623201,68632349,68622704,68623198,68632349,68632796
chr11,+,68633777,68634170,68638994,68639439,68634172,68638994,68633777,68634170,68638994,68639439
chr11,-,70213949,70214361,70219755,70220156,70214671,70219753,70219755,70220156,70213949,70214361
chr11,+,81122402,81122516,81127077,81127454,81122516,81127076,81122402,81122516,81127077,81127454
chr11,+,81806219,81806566,81812270,81812679,81806568,81812268,81806219,81806566,81812270,81812679
chr11,+,82025407,82025858,82030558,82031014,82025860,82030558,82025407,82025858,82030558,82031014
chr11,-,83341984,83342391,83345186,83345578,83342391,83345184,83345186,83345578,83341984,83342391
chr11,+,83419134,83419545,83423141,83423556,83419547,83423141,83419134,83419545,83423141,83423556
chr11,-,83430602,83431050,83436119,83436575,83431050,83436116,83436119,83436575,83430602,83431050
chr11,-,83442183,83442537,83448185,83448545,83442537,83448183,83448185,83448545,83442183,83442537
chr11,+,88043409,88043800,88049218,88049633,88043803,88049218,88043409,88043800,88049218,88049633
chr11,+,89381303,89381670,89387192,89387559,89381672,89387192,89381303,89381670,89387192,89387559
chr11,+,94345724,94346118,94351011,94351415,94346125,94351011,94345724,94346118,94351011,94351415
chr11,+,94351011,94351415,94355138,94355534,94351417,94355138,94351011,94351415,94355138,94355534
chr11,+,94641600,94642009,94646902,94647311,94642011,94646848,94641600,94642009,94646902,94647311
chr11,+,96587634,96588085,96593223,96593674,96588087,96593223,96587634,96588085,96593223,96593674
chr11,-,102903999,102904321,102909500,102909908,102904321,102909498,102909500,102909908,102903999,102904321
chr11,-,121637350,121637801,121643109,121643560,121637801,121643107,121643109,121643560,121637350,121637801
chr11,+,122546526,122547025,122555153,122555602,122547027,122555153,122546526,122547025,122555153,122555602
chr11,+,122824427,122824830,122832414,122832822,122824832,122832414,122824427,122824830,122832414,122832822
chr11,-,123865321,123865713,123870665,123871065,123865713,123870663,123870665,123871065,123865321,123865713
chr11,-,127768918,127769318,127774500,127774895,127769318,127774498,127774500,127774895,127768918,127769318
chr11,-,130753497,130753948,130758687,130759137,130753948,130758685,130758687,130759137,130753497,130753948
chr11,-,131254534,131254930,131259867,131260279,131254930,131259865,131259867,131260279,131254534,131254930
chr11,+,133626774,133627185,133632296,133632692,133627187,133632296,133626774,133627185,133632296,133632692
chr12_KN538369v1_fix,+,27469,27780,32679,33071,27782,32679,27469,27780,32679,33071
chr12_KQ759760v1_fix,+,170303,170754,175936,176377,170756,175936,170303,170754,175936,176377
chr12,+,4018540,4018991,4023245,4023694,4018993,4023245,4018540,4018991,4023245,4023694
chr12,+,8804878,8805281,8810169,8810576,8805283,8810169,8804878,8805281,8810169,8810576
chr12,-,9962436,9962843,9968269,9968690,9962843,9968267,9968269,9968690,9962436,9962843
chr12,-,10332975,10333428,10338192,10338643,10333428,10338190,10338192,10338643,10332975,10333428
chr12,-,11462168,11462619,11467570,11468020,11462619,11467568,11467570,11468020,11462168,11462619
chr12,+,12058471,12058782,12063681,12064073,12058784,12063681,12058471,12058782,12063681,12064073
chr12,-,13259638,13260028,13265119,13265519,13260028,13265117,13265119,13265519,13259638,13260028
chr12,-,14705420,14705902,14710158,14710640,14705902,14710156,14710158,14710640,14705420,14705902
chr12,+,18195660,18196158,18203231,18203727,18196160,18203231,18195660,18196158,18203231,18203727
chr12,+,20762908,20763358,20768608,20769058,20763360,20768608,20762908,20763358,20768608,20769058
chr12,-,23505830,23506286,23511123,23511572,23506286,23511121,23511123,23511572,23505830,23506286
chr12,+,25163212,25163626,25169105,25169515,25163628,25169105,25163212,25163626,25169105,25169515
chr12,-,29134619,29135056,29140359,29140801,29135056,29140351,29140359,29140801,29134619,29135056
chr12,+,30056080,30056491,30062055,30062516,30056493,30062055,30056080,30056491,30062055,30062516
chr12,-,33087849,33088282,33090421,33090857,33088282,33090419,33090421,33090857,33087849,33088282
chr12,+,34265544,34266042,34273757,34274257,34266044,34273757,34265544,34266042,34273757,34274257
chr12,+,44450051,44450463,44455655,44456067,44450465,44455655,44450051,44450463,44455655,44456067
chr12,-,54942537,54942927,54947976,54948366,54942927,54947976,54947976,54948366,54942537,54942927
chr12,-,59323187,59323669,59328504,59328986,59323669,59328502,59328504,59328986,59323187,59323669
chr12,-,60951267,60951671,60957215,60957619,60951671,60957213,60957215,60957619,60951267,60951671
chr12,+,61587105,61587480,61592556,61592931,61587482,61592556,61587105,61587480,61592556,61592931
chr12,-,67766803,67767256,67771895,67772346,67767256,67771893,67771895,67772346,67766803,67767256
chr12,+,72703221,72703672,72708521,72708969,72703674,72708521,72703221,72703672,72708521,72708969
chr12,-,72709002,72709120,72713957,72714311,72709120,72713948,72713957,72714311,72709002,72709120
chr12,-,73001847,73002259,73007316,73007727,73002264,73007314,73007316,73007727,73001847,73002259
chr12,+,76291719,76292127,76297372,76297783,76292127,76297372,76291719,76292127,76297372,76297783
chr12,+,79539847,79540298,79545174,79545625,79540300,79545174,79539847,79540298,79545174,79545625
chr12,-,80783122,80783525,80788487,80788892,80783525,80788485,80788487,80788892,80783122,80783525
chr12,+,86938681,86939132,86944314,86944755,86939134,86944314,86938681,86939132,86944314,86944755
chr12,-,87907289,87907685,87912489,87912900,87907693,87912486,87912489,87912900,87907289,87907685
chr12,+,99715181,99715589,99721327,99721737,99715591,99721326,99715181,99715589,99721327,99721737
chr12,-,103222115,103222567,103228105,103228555,103223123,103228103,103228105,103228555,103222115,103222567
chr12,-,110405357,110405460,110410700,110411068,110405460,110410700,110410700,110411068,110405357,110405460
chr12,+,132889510,132889969,132898048,132898499,132889971,132898048,132889510,132889969,132898048,132898499
chr13,+,36316324,36316770,36321740,36322191,36316817,36321740,36316324,36316770,36321740,36322191
chr13,-,37969006,37969408,37974398,37974554,37969408,37974397,37974398,37974554,37969006,37969408
chr13,-,42868003,42868454,42872705,42873158,42868454,42872703,42872705,42873158,42868003,42868454
chr13,+,48056343,48056764,48061883,48062289,48056766,48061883,48056343,48056764,48061883,48062289
chr13,+,51169865,51170314,51174555,51175006,51170316,51174555,51169865,51170314,51174555,51175006
chr13,-,54127417,54127815,54132760,54133158,54127815,54132758,54132760,54133158,54127417,54127815
chr13,-,55578227,55578676,55583637,55584087,55578676,55583635,55583637,55584087,55578227,55578676
chr13,-,55654930,55655382,55660356,55660802,55655382,55660354,55660356,55660802,55654930,55655382
chr13,+,56040250,56040701,56045824,56046275,56040703,56045824,56040250,56040701,56045824,56046275
chr13,-,56112410,56112850,56117808,56118259,56112850,56117806,56117808,56118259,56112410,56112850
chr13,+,61088457,61088865,61094029,61094439,61088867,61094029,61088457,61088865,61094029,61094439
chr13,+,61205681,61206083,61210876,61211279,61206085,61210876,61205681,61206083,61210876,61211279
chr13,+,63213192,63213548,63218717,63219132,63213550,63218631,63213192,63213548,63218717,63219132
chr13,-,66141331,66141763,66146606,66147036,66141763,66146604,66146606,66147036,66141331,66141763
chr13,-,66226368,66226819,66231889,66232340,66226819,66231887,66231889,66232340,66226368,66226819
chr13,-,77933222,77933632,77938979,77939379,77933632,77938977,77938979,77939379,77933222,77933632
chr13,+,79274081,79274491,79279412,79279821,79274493,79279412,79274081,79274491,79279412,79279821
chr13,+,80183510,80183959,80189531,80189979,80183961,80189531,80183510,80183959,80189531,80189979
chr13,+,81866094,81866504,81872022,81872431,81866506,81872010,81866094,81866504,81872022,81872431
chr13,+,86358167,86358617,86363685,86364136,86358619,86363685,86358167,86358617,86363685,86364136
chr13,-,87186448,87186857,87191699,87192108,87186857,87191697,87191699,87192108,87186448,87186857
chr13,-,88512818,88513269,88518292,88518743,88513269,88518290,88518292,88518743,88512818,88513269
chr13,-,90848572,90849023,90853830,90854278,90849023,90853828,90853830,90854278,90848572,90849023
chr13,+,97642317,97642715,97647806,97648209,97642715,97647806,97642317,97642715,97647806,97648209
chr13,-,104207592,104207997,104213421,104213824,104207997,104213419,104213421,104213824,104207592,104207997
chr14_KI270847v1_alt,-,673953,674401,679135,679532,674401,679133,679135,679532,673953,674401
chr14,-,25425571,25425945,25430539,25430929,25425945,25430527,25430539,25430929,25425571,25425945
chr14,+,38190637,38191083,38196078,38196525,38191085,38196078,38190637,38191083,38196078,38196525
chr14,+,41515870,41516320,41521430,41521881,41516322,41521430,41515870,41516320,41521430,41521881
chr14,-,46012432,46012857,46017696,46018103,46012857,46017694,46017696,46018103,46012432,46012857
chr14,+,47104196,47104677,47108314,47108765,47104679,47108314,47104196,47104677,47108314,47108765
chr14,-,48255198,48255605,48260540,48260940,48255605,48260538,48260540,48260940,48255198,48255605
chr14,-,48262395,48262802,48267871,48268282,48262844,48267869,48267871,48268282,48262395,48262802
chr14,+,50893161,50893610,50896391,50896882,50893612,50896391,50893161,50893610,50896391,50896882
chr14,-,61133251,61133642,61138756,61139160,61133642,61138754,61138756,61139160,61133251,61133642
chr14,-,70293486,70293881,70301538,70301929,70293881,70301536,70301538,70301929,70293486,70293881
chr14,+,71124206,71124614,71129600,71130006,71124623,71129598,71124206,71124614,71129600,71130006
chr14,-,73128451,73128821,73133661,73134036,73128821,73133661,73133661,73134036,73128451,73128821
chr14,-,84500249,84500659,84505564,84505973,84500659,84505562,84505564,84505973,84500249,84500659
chr14,-,85732436,85732842,85738189,85738601,85732842,85738187,85738189,85738601,85732436,85732842
chr14,+,86731585,86731996,86736650,86737060,86731998,86736650,86731585,86731996,86736650,86737060
chr14,-,87234690,87235100,87240383,87240791,87235102,87240380,87240383,87240791,87234690,87235100
chr14,-,92041754,92042124,92049745,92049821,92042124,92049745,92049745,92049821,92041754,92042124
chr14,-,93559391,93559839,93564573,93564970,93559839,93564571,93564573,93564970,93559391,93559839
chr14,+,95973030,95973430,95978461,95978860,95973432,95978461,95973030,95973430,95978461,95978860
chr14,-,98446792,98447205,98452221,98452574,98447205,98452213,98452221,98452574,98446792,98447205
chr14,+,98985204,98985684,98992459,98992939,98985686,98992459,98985204,98985684,98992459,98992939
chr14,-,101305253,101305652,101310848,101311247,101305652,101310846,101310848,101311247,101305253,101305652
chr14,+,102239956,102240323,102245402,102245769,102240323,102245402,102239956,102240323,102245402,102245769
chr15_ML143370v1_fix,+,183412,183806,188656,189053,183808,188656,183412,183806,188656,189053
chr15,-,24685359,24685750,24690626,24691027,24685750,24690624,24690626,24691027,24685359,24685750
chr15,-,37236264,37236628,37241250,37241355,37236628,37241250,37241250,37241355,37236264,37236628
chr15,-,49698523,49698929,49704344,49704756,49698929,49704342,49704344,49704756,49698523,49698929
chr15,+,52738557,52738987,52744783,52745204,52738989,52744783,52738557,52738987,52744783,52745204
chr15,+,74354143,74354537,74359387,74359784,74354539,74359387,74354143,74354537,74359387,74359784
chr15,+,82702376,82702774,82708025,82708400,82702776,82708025,82702376,82702774,82708025,82708400
chr15,+,87831106,87831555,87836572,87837022,87831557,87836572,87831106,87831555,87836572,87837022
chr15,+,92511306,92511769,92517017,92517425,92511771,92517017,92511306,92511769,92517017,92517425
chr15,+,94750748,94751160,94756059,94756464,94751162,94756059,94750748,94751160,94756059,94756464
chr15,+,94756059,94756464,94759964,94760376,94756465,94759964,94756059,94756464,94759964,94760376
chr15,-,96871836,96872314,96877216,96877667,96872314,96877214,96877216,96877667,96871836,96872314
chr15,+,100440256,100440607,100445800,100446201,100440609,100445800,100440256,100440607,100445800,100446201
chr15,+,101072486,101072924,101077838,101078293,101072961,101077838,101072486,101072924,101077838,101078293
chr16,+,7814736,7815094,7819989,7820397,7815096,7819989,7814736,7815094,7819989,7820397
chr16,-,9670529,9670977,9676821,9677301,9670977,9676819,9676821,9677301,9670529,9670977
chr16,+,10283160,10283549,10294832,10295234,10283552,10294221,10283160,10283549,10294832,10295234
chr16,-,13352582,13353016,13357575,13358061,13353016,13357573,13357575,13358061,13352582,13353016
chr16,-,59514910,59515411,59522528,59522964,59515411,59522526,59522528,59522964,59514910,59515411
chr16,+,60078534,60078985,60084127,60084578,60078987,60084127,60078534,60078985,60084127,60084578
chr16,-,65229804,65230256,65234899,65235349,65230256,65234891,65234899,65235349,65229804,65230256
chr16,-,70616523,70616915,70621610,70622062,70616915,70621608,70621610,70622062,70616523,70616915
chr16,-,86742018,86742466,86747204,86747655,86742466,86747202,86747204,86747655,86742018,86742466
chr17,-,76605987,76606398,76611084,76611511,76606398,76611082,76611084,76611511,76605987,76606398
chr18,-,31284198,31284600,31289526,31289927,31284600,31289524,31289526,31289927,31284198,31284600
chr18,+,31803782,31804182,31809655,31810056,31804184,31809655,31803782,31804182,31809655,31810056
chr18,+,35216027,35216409,35222109,35222512,35216412,35222109,35216027,35216409,35222109,35222512
chr18,-,35356139,35356551,35361383,35361791,35356551,35361381,35361383,35361791,35356139,35356551
chr18,+,35844061,35844501,35849980,35850418,35844504,35849980,35844061,35844501,35849980,35850418
chr18,-,42552440,42552832,42557692,42558142,42552832,42557690,42557692,42558142,42552440,42552832
chr18,+,42737045,42737438,42741944,42742345,42737440,42741944,42737045,42737438,42741944,42742345
chr18,+,42991496,42991957,42996398,42996809,42991969,42996398,42991496,42991957,42996398,42996809
chr18,+,56415435,56415883,56420893,56421341,56415885,56420857,56415435,56415883,56420893,56421341
chr18,-,57064648,57065099,57072051,57072502,57065099,57072049,57072051,57072502,57064648,57065099
chr18,-,58641221,58641574,58646336,58646708,58641574,58646336,58646336,58646708,58641221,58641574
chr18,+,64681730,64682131,64686922,64687323,64682133,64686922,64681730,64682131,64686922,64687323
chr18,+,74293088,74293242,74298681,74299036,74293242,74298681,74293088,74293242,74298681,74299036
chr19_KV575258v1_alt,+,11388,11801,17276,17689,11803,17276,11388,11801,17276,17689
chr19_KI270929v1_alt,-,168514,168927,174402,174815,168927,174393,174402,174815,168514,168927
chr19_KI270922v1_alt,-,170246,170659,176134,176547,170659,176125,176134,176547,170246,170659
chr19_KI270923v1_alt,-,171663,172076,177551,177964,172076,177542,177551,177964,171663,172076
chr19_KI270917v1_alt,-,173243,173656,179131,179544,173656,179122,179131,179544,173243,173656
chr19_KI270920v1_alt,-,180316,180729,186204,186617,180729,186195,186204,186617,180316,180729
chr19_KV575250v1_alt,-,223369,223782,229257,229670,223782,229255,229257,229670,223369,223782
chr19_KI270921v1_alt,-,264535,264948,270423,270836,264948,270414,270423,270836,264535,264948
chr19_GL949747v2_alt,-,539521,539883,545358,545771,539883,545349,545358,545771,539521,539883
chr19_GL949747v2_alt,-,652030,652439,657217,657625,652439,657215,657217,657625,652030,652439
chr19_GL949753v2_alt,-,718989,719398,724176,724584,719398,724174,724176,724584,718989,719398
chr19_GL949752v1_alt,-,798660,799073,804544,804957,799073,804535,804544,804957,798660,799073
chr19_KI270938v1_alt,-,876774,877187,882658,883071,877187,882649,882658,883071,876774,877187
chr19_GL949752v1_alt,-,909610,910019,914797,915205,910019,914795,914797,915205,909610,910019
chr19_GL949746v1_alt,-,910226,910635,915413,915821,910635,915411,915413,915821,910226,910635
chr19_GL949751v2_alt,-,925193,925602,930380,930788,925602,930378,930380,930788,925193,925602
chr19_GL949748v2_alt,-,986814,987223,992001,992409,987223,991999,992001,992409,986814,987223
chr19_GL949750v2_alt,-,988900,989309,994087,994495,989309,994085,994087,994495,988900,989309
chr19_KI270938v1_alt,-,989310,989719,994497,994905,989719,994495,994497,994905,989310,989719
chr19_GL949749v2_alt,-,1014351,1014760,1019538,1019946,1014760,1019536,1019538,1019946,1014351,1014760
chr19,-,20087686,20088135,20096335,20096781,20088135,20096333,20096335,20096781,20087686,20088135
chr19,-,20518830,20519218,20524087,20524470,20519220,20524057,20524087,20524470,20518830,20519218
chr19,+,22568269,22568751,22574537,22575020,22568753,22574537,22568269,22568751,22574537,22575020
chr19,-,23026428,23026804,23031840,23032231,23026816,23031840,23031840,23032231,23026428,23026804
chr19,-,46273188,46273603,46278438,46278852,46273603,46278433,46278438,46278852,46273188,46273603
chr19,+,47392828,47393269,47398315,47398756,47393271,47398315,47392828,47393269,47398315,47398756
chr19,+,52627794,52628192,52633045,52633395,52628194,52633045,52627794,52628192,52633045,52633395
chr19,+,53831403,53831854,53836897,53837348,53831856,53836897,53831403,53831854,53836897,53837348
chr19,-,54894296,54894709,54900184,54900597,54894709,54900182,54900184,54900597,54894296,54894709
chr19,-,55006828,55007237,55012015,55012423,55007237,55012013,55012015,55012423,55006828,55007237
chr20,+,172771,173223,178405,178853,173226,178405,172771,173223,178405,178853
chr20,+,896876,897229,901225,901599,897229,901225,896876,897229,901225,901599
chr20,-,1727238,1727651,1733137,1733570,1727651,1733137,1733137,1733570,1727238,1727651
chr20,+,12753819,12754274,12759179,12759634,12754276,12759179,12753819,12754274,12759179,12759634
chr20,+,13357879,13358330,13362238,13362689,13358332,13362225,13357879,13358330,13362238,13362689
chr20,-,15147694,15148045,15153151,15153502,15148045,15153149,15153151,15153502,15147694,15148045
chr20,-,38592395,38592804,38598387,38598799,38592804,38598385,38598387,38598799,38592395,38592804
chr20,+,40269053,40269503,40274311,40274761,40269505,40274311,40269053,40269503,40274311,40274761
chr20,+,45759333,45759751,45764833,45765245,45759753,45764833,45759333,45759751,45764833,45765245
chr21,+,9847515,9847905,9849969,9850363,9847912,9849969,9847515,9847905,9849969,9850363
chr21,-,15979609,15980065,15984902,15985359,15980065,15984900,15984902,15985359,15979609,15980065
chr21,+,16892209,16892611,16897836,16898240,16892613,16897836,16892209,16892611,16897836,16898240
chr21,+,16914127,16914528,16919495,16919898,16914530,16919495,16914127,16914528,16919495,16919898
chr21,+,17121440,17121891,17127347,17127757,17121893,17127347,17121440,17121891,17127347,17127757
chr21,-,26227878,26228284,26233083,26233487,26228285,26233074,26233083,26233487,26227878,26228284
chr21,+,28161433,28161842,28166497,28166924,28161844,28166497,28161433,28161842,28166497,28166924
chr21,+,40954768,40955218,40960246,40960696,40955220,40960246,40954768,40955218,40960246,40960696
chr21,-,42800846,42801294,42806131,42806578,42801294,42806129,42806131,42806578,42800846,42801294
chr22,+,27742306,27742413,27744682,27745128,27742432,27744682,27742306,27742413,27744682,27745128
chr22,+,34834607,34835022,34839608,34840024,34835024,34839608,34834607,34835022,34839608,34840024
chr22,-,39066093,39066470,39068041,39068308,39066470,39068041,39068041,39068308,39066093,39066470
chrX,+,4891613,4892064,4896882,4897331,4892066,4896882,4891613,4892064,4896882,4897331
chrX,-,6272219,6272628,6277534,6277943,6272628,6277532,6277534,6277943,6272219,6272628
chrX,+,12939864,12940276,12945126,12945537,12940278,12945126,12939864,12940276,12945126,12945537
chrX,-,16044719,16045122,16050015,16050414,16045122,16050013,16050015,16050414,16044719,16045122
chrX,-,16179201,16179611,16184028,16184434,16179611,16184026,16184028,16184434,16179201,16179611
chrX,-,28502594,28503021,28507461,28507894,28503021,28507461,28507461,28507894,28502594,28503021
chrX,-,28892119,28892574,28897713,28898168,28892574,28897711,28897713,28898168,28892119,28892574
chrX,+,29975545,29975946,29980839,29981247,29975948,29980837,29975545,29975946,29980839,29981247
chrX,+,30103612,30104012,30108843,30109253,30104014,30108843,30103612,30104012,30108843,30109253
chrX,-,30448931,30449341,30454400,30454861,30449341,30454398,30454400,30454861,30448931,30449341
chrX,+,31377721,31378171,31382917,31383370,31378173,31382917,31377721,31378171,31382917,31383370
chrX,-,65129299,65129689,65134712,65135094,65129689,65134712,65134712,65135094,65129299,65129689
chrX,+,73527956,73528123,73533548,73533947,73528125,73533548,73527956,73528123,73533548,73533947
chrX,-,73801457,73801820,73809018,73809385,73801820,73809018,73809018,73809385,73801457,73801820
chrX,+,86981883,86982284,86987086,86987487,86982286,86987049,86981883,86982284,86987086,86987487
chrX,+,87681679,87682129,87687193,87687644,87682131,87687193,87681679,87682129,87687193,87687644
chrX,-,90773312,90773762,90778706,90779155,90773762,90778704,90778706,90779155,90773312,90773762
chrX,-,92100239,92100690,92105436,92105917,92100690,92105434,92105436,92105917,92100239,92100690
chrX,+,92824427,92824880,92828894,92829345,92824882,92828894,92824427,92824880,92828894,92829345
chrX,+,93022958,93023368,93028225,93028634,93023370,93028225,93022958,93023368,93028225,93028634
chrX,-,94698819,94699270,94704178,94704626,94699270,94704174,94704178,94704626,94698819,94699270
chrX,+,96624024,96624427,96630092,96630448,96624445,96630091,96624024,96624427,96630092,96630448
chrX,-,98524245,98524697,98529619,98530070,98524697,98529617,98529619,98530070,98524245,98524697
chrX,-,99158721,99159121,99164786,99165186,99159121,99164784,99164786,99165186,99158721,99159121
chrX,-,103429054,103429453,103435039,103435438,103429453,103435037,103435039,103435438,103429054,103429453
chrX,-,103761158,103761528,103766931,103767306,103761528,103766929,103766931,103767306,103761158,103761528
chrX,+,111543806,111544258,111549221,111549673,111544260,111549221,111543806,111544258,111549221,111549673
chrX,+,112530379,112530831,112535905,112536357,112530854,112535905,112530379,112530831,112535905,112536357
chrX,-,113108717,113109152,113113983,113114424,113109152,113113965,113113983,113114424,113108717,113109152
chrX,+,114040091,114040488,114051228,114051630,114040490,114045580,114040091,114040488,114051228,114051630
chrX,+,114466671,114467121,114472060,114472531,114467123,114472060,114466671,114467121,114472060,114472531
chrX,-,114601271,114601722,114606793,114607242,114601722,114606791,114606793,114607242,114601271,114601722
chrX,+,116332005,116332395,116336443,116336841,116332401,116336443,116332005,116332395,116336443,116336841
chrX,-,116720316,116720724,116726298,116726712,116720724,116726295,116726298,116726712,116720316,116720724
chrX,-,116812447,116812927,116817773,116818222,116812927,116817771,116817773,116818222,116812447,116812927
chrX,-,121343895,121344307,121348267,121348628,121344316,121348264,121348267,121348628,121343895,121344307
chrX,+,122222003,122222454,122227334,122227785,122222456,122227334,122222003,122222454,122227334,122227785
chrX,-,125388837,125389290,125394109,125394560,125389290,125394107,125394109,125394560,125388837,125389290
chrX,+,126863046,126863509,126868580,126868992,126863511,126868580,126863046,126863509,126868580,126868992
chrX,+,130277373,130277735,130279827,130280192,130277735,130279827,130277373,130277735,130279827,130280192
chrX,+,131712024,131712446,131717354,131717764,131712448,131717354,131712024,131712446,131717354,131717764
chrX,+,138258660,138259059,138264101,138264347,138259061,138264101,138258660,138259059,138264101,138264347
chrX,-,138264357,138264754,138269632,138270033,138264754,138269630,138269632,138270033,138264357,138264754
chrX,-,142423375,142423787,142428548,142428961,142423787,142428546,142428548,142428961,142423375,142423787
chrX,-,147131671,147132076,147134370,147134770,147132076,147134368,147134370,147134770,147131671,147132076
chrY,-,4355392,4355843,4360782,4361230,4355843,4360780,4360782,4361230,4355392,4355843
chrY,-,5324786,5325235,5329977,5330427,5325235,5329975,5329977,5330427,5324786,5325235
chrY,+,5941110,5941560,5945586,5946036,5941562,5945586,5941110,5941560,5945586,5946036
chrY,+,6139214,6139624,6144484,6144893,6139626,6144484,6139214,6139624,6144484,6144893
chrY,-,11888487,11888849,11896201,11896293,11888849,11896201,11896201,11896293,11888487,11888849
chrY,-,12559209,12559597,12564970,12565355,12559598,12564968,12564970,12565355,12559209,12559597
chrY,-,15098842,15099220,15103623,15103998,15099220,15103623,15103623,15103998,15098842,15099220
chrY,+,15512313,15512718,15517672,15518073,15512720,15517672,15512313,15512718,15517672,15518073
chrY,-,17131120,17131255,17141722,17142090,17131257,17141722,17141722,17142090,17131120,17131255
chrY,-,17141722,17142090,17142507,17142861,17142091,17142506,17142507,17142861,17141722,17142090
chrY,+,19411963,19412464,19427239,19427738,19419024,19427239,19411963,19412464,19427239,19427738
chrY,+,20896483,20896916,20905363,20905731,20896916,20905363,20896483,20896916,20905363,20905731
chrY,-,20902920,20903272,20904643,20905009,20903272,20904630,20904643,20905009,20902920,20903272
chrY,-,21035919,21036418,21044746,21045245,21036418,21044744,21044746,21045245,21035919,21036418
